{"offline_id": "5a97a35ef6224289982dbb3bb08d448f", "project_name": "yolov5", "start_time": 1698747477520, "stop_time": 1698747481084, "tags": [], "workspace": null, "resume_strategy": "create", "customer_error_reported": true, "customer_error_message": "Unexpected error detected in the user script: UnicodeDecodeError('cp950', b\"\\r\\npath: ../datasets/latte  # \\xe8\\xb3\\x87\\xe6\\x96\\x99\\xe6\\xa0\\xb9\\xe7\\x9b\\xae\\xe9\\x8c\\x84\\r\\ntrain: images/train     # \\xe8\\xa8\\x93\\xe7\\xb7\\xb4\\xe7\\x94\\xa8\\xe8\\xb3\\x87\\xe6\\x96\\x99\\xe9\\x9b\\x86\\xef\\xbc\\x88\\xe7\\x9b\\xb8\\xe5\\xb0\\x8d\\xe6\\x96\\xbc path\\xef\\xbc\\x89\\r\\nval: images/train       # \\xe9\\xa9\\x97\\xe8\\xad\\x89\\xe7\\x94\\xa8\\xe8\\xb3\\x87\\xe6\\x96\\x99\\xe9\\x9b\\x86\\xef\\xbc\\x88\\xe7\\x9b\\xb8\\xe5\\xb0\\x8d\\xe6\\x96\\xbc path\\xef\\xbc\\x89\\r\\ntest: images/test  # \\xe6\\xb8\\xac\\xe8\\xa9\\xa6\\xe7\\x94\\xa8\\xe8\\xb3\\x87\\xe6\\x96\\x99\\xe9\\x9b\\x86\\xef\\xbc\\x88\\xe7\\x9b\\xb8\\xe5\\xb0\\x8d\\xe6\\x96\\xbc path\\xef\\xbc\\x8c\\xe5\\x8f\\xaf\\xe7\\x9c\\x81\\xe7\\x95\\xa5\\xef\\xbc\\x89\\r\\n\\r\\n# \\xe7\\x89\\xa9\\xe4\\xbb\\xb6\\xe9\\xa1\\x9e\\xe5\\x88\\xa5\\xe8\\xa8\\xad\\xe5\\xae\\x9a\\r\\nnc: 1           # \\xe9\\xa1\\x9e\\xe5\\x88\\xa5\\xe6\\x95\\xb8\\xe9\\x87\\x8f\\r\\nnames: ['latte']  # \\xe9\\xa1\\x9e\\xe5\\x88\\xa5\\xe5\\x90\\x8d\\xe7\\xa8\\xb1\\r\\nlr0: 0.001      # \\xe5\\x88\\x9d\\xe5\\xa7\\x8b\\xe5\\xad\\xb8\\xe7\\xbf\\x92\\xe7\\x8e\\x87\", 31, 32, 'illegal multibyte sequence')"}