{"payload":{"installed_packages":["-.p==21.2.3","-==p","-illow==8.4.0","-ip==21.2.3","-p==21.2.3","absl-py==1.4.0","aiohttp==3.8.4","aiosignal==1.3.1","altair==5.0.1","altgraph==0.17.4","aniso8601==9.0.1","ansi2html==1.8.0","arrow==1.2.3","asttokens==2.2.1","async-generator==1.10","async-timeout==4.0.2","attrs==22.2.0","autogpt==0.0.1.dev0","autopep8==1.6.0","backcall==0.2.0","beautifulsoup4==4.11.1","blinker==1.6.2","blis==0.7.9","cachetools==5.3.0","captum==0.6.0","catalogue==2.0.8","certifi==2021.10.8","cffi==1.15.1","charset-normalizer==2.0.12","chess==1.9.2","click==8.1.3","cloudpickle==2.2.1","colorama==0.4.6","comet-ml==3.35.1","comm==0.1.2","confection==0.0.4","configobj==5.0.8","coverage==7.2.3","cssselect==1.2.0","cycler==0.11.0","cymem==2.0.7","debugpy==1.6.6","decorator==5.1.1","distlib==0.3.6","dulwich==0.21.6","enum-compat==0.0.3","everett==3.1.0","exceptiongroup==1.1.1","executing==1.2.0","filelock==3.12.0","flask-restful==0.3.10","flask==2.3.2","fonttools==4.28.5","frozenlist==1.3.3","fsspec==2023.1.0","gitdb==4.0.10","gitpython==3.1.32","google-auth-oauthlib==1.0.0","google-auth==2.17.3","googleapis-common-protos==1.59.0","grpcio-tools==1.56.2","grpcio==1.56.2","h11==0.14.0","httplib2==0.22.0","idna==3.3","imageio==2.31.1","importlib-metadata==6.8.0","iniconfig==2.0.0","ipykernel==6.21.1","ipython==8.10.0","itsdangerous==2.1.2","jedi==0.18.2","jinja2==3.1.2","joblib==1.2.0","jsonschema==4.17.3","jupyter-client==8.0.2","jupyter-core==5.2.0","kiwisolver==1.3.2","labelimg==1.8.6","langcodes==3.3.0","lazy-loader==0.2","lightning-utilities==0.6.0.post0","llvmlite==0.40.1","lxml==4.9.2","markdown-it-py==3.0.0","markdown==3.4.3","markupsafe==2.1.2","matplotlib-inline==0.1.6","matplotlib==3.5.1","mdurl==0.1.2","mouseinfo==0.1.3","mpmath==1.2.1","msgpack==1.0.5","multidict==6.0.4","murmurhash==1.0.9","nest-asyncio==1.5.6","networkx==3.1","numba==0.57.1","numpy==1.24.2","nvgpu==0.9.0","oauthlib==3.2.2","openai==0.27.5","opencv-python==4.8.0.74","outcome==1.2.0","packaging==23.1","pandas==1.4.2","parso==0.8.3","pathy==0.10.1","pefile==2023.2.7","pickleshare==0.7.5","pillow==9.5.0","pip==21.2.4","platformdirs==3.5.0","playsound==1.3.0","pluggy==1.0.0","preshed==3.0.8","prompt-toolkit==3.0.36","protobuf==4.23.4","psutil==5.9.4","pure-eval==0.2.2","py-cpuinfo==9.0.0","pyarrow==12.0.1","pyasn1-modules==0.3.0","pyasn1==0.5.0","pyautogui==0.9.53","pycodestyle==2.8.0","pycparser==2.21","pydantic==1.10.7","pydeck==0.8.0","pyflakes==2.4.0","pygetwindow==0.0.9","pygments==2.14.0","pyinstaller-hooks-contrib==2023.10","pyinstaller==6.1.0","pympler==1.0.1","pymsgbox==1.0.9","pynvml==11.5.0","pyparsing==3.0.6","pyperclip==1.8.2","pyqt5-qt5==5.15.2","pyqt5-sip==12.13.0","pyqt5==5.15.10","pyquery==2.0.0","pyrect==0.1.4","pyrsistent==0.19.3","pyscreeze==0.1.28","pysocks==1.7.1","pysoundfile==0.9.0.post1","python-box==6.1.0","python-dateutil==2.8.2","pytorch-lightning==1.9.2","pytweening==1.0.4","pytz-deprecation-shim==0.1.0.post0","pytz==2022.1","pywavelets==1.4.1","pywin32-ctypes==0.2.2","pywin32==305","pyyaml==6.0","pyzmq==25.0.0","ray==2.5.1","requests-oauthlib==1.3.1","requests-toolbelt==1.0.0","requests==2.29.0","rich==13.4.2","rsa==4.9","scikit-image==0.21.0","scikit-learn==1.2.1","scipy==1.10.0","seaborn==0.13.0","semantic-version==2.10.0","sentry-sdk==1.32.0","setuptools==68.2.2","shap==0.42.1","simplejson==3.19.2","six==1.16.0","sklearn==0.0","slicer==0.0.7","smart-open==6.3.0","smmap==5.0.0","sniffio==1.3.0","sortedcontainers==2.4.0","soupsieve==2.3.2.post1","spacy-legacy==3.0.12","spacy-loggers==1.0.4","srsly==2.4.6","stack-data==0.6.2","streamlit==1.25.0","sympy==1.10.1","tabulate==0.9.0","tenacity==8.2.2","tensorboard-data-server==0.7.1","tensorboard==2.13.0","tensorboardx==2.6.1","termcolor==2.3.0","thinc==8.1.9","thop==0.1.1.post2209072238","threadpoolctl==3.1.0","tifffile==2023.4.12","toml==0.10.2","tomli==2.0.1","toolz==0.12.0","torch-model-archiver==0.8.1","torch-workflow-archiver==0.2.9","torch==1.13.1+cu117","torchaudio==0.13.1+cu117","torchinfo==1.8.0","torchmetrics==0.11.1","torchserve==0.8.1","torchsummary==1.5.1","torchvision==0.14.1+cu117","tornado==6.2","tqdm==4.64.1","traitlets==5.9.0","trio==0.22.0","typer==0.7.0","typing-extensions==4.4.0","tzdata==2023.3","tzlocal==4.3.1","ultralytics==8.0.203","urllib3==1.26.18","validators==0.20.0","wasabi==0.10.1","watchdog==3.0.0","wcwidth==0.2.6","websocket-client==1.3.3","werkzeug==2.3.6","wheel==0.40.0","win32-setctime==1.1.0","wrapt==1.15.0","wsproto==1.2.0","wurlitzer==3.0.3","yarl==1.8.2","zipp==3.16.2"],"local_timestamp":1698747477520,"message_id":1},"type":"ws_msg"}
{"payload":{"env_details":{"command":[".\\yolov5\\train.py","--img-size","32","--batch","128","--epochs","10","--data","latte.yaml","--weights","yolov5s.pt"],"env":null,"hostname":"TonysLaptop","ip":"192.168.8.101","machine":"AMD64","os":"Windows-10-10.0.22621-SP0","os_release":"10","os_type":"Windows","pid":24408,"processor":"Intel64 Family 6 Model 165 Stepping 2, GenuineIntel","python_exe":"C:\\Python310\\python.exe","python_version":"3.10.2","python_version_verbose":"3.10.2 (tags/v3.10.2:a58ebcc, Jan 17 2022, 14:12:15) [MSC v.1929 64 bit (AMD64)]","user":"sharpaste"},"local_timestamp":1698747477724,"message_id":2},"type":"ws_msg"}
{"payload":{"gpu_static_info":[{"gpu_index":0,"name":"NVIDIA GeForce GTX 1650","power_limit":50000,"total_memory":4294967296,"uuid":"GPU-c3b72b7a-30d6-cada-9d5f-fa14a27f351d"}],"local_timestamp":1698747477802,"message_id":3},"type":"ws_msg"}
{"payload":{"local_timestamp":1698747477802,"message_id":4,"metric":{"epoch":null,"metricName":"sys.gpu.0.total_memory","metricValue":4294967296,"step":null}},"type":"metric_msg"}
{"payload":{"local_timestamp":1698747478054,"message_id":5,"metric":{"epoch":null,"metricName":"sys.cpu.percent.avg","metricValue":5.8375,"step":null}},"type":"metric_msg"}
{"payload":{"local_timestamp":1698747478054,"message_id":6,"metric":{"epoch":null,"metricName":"sys.ram.total","metricValue":17041244160,"step":null}},"type":"metric_msg"}
{"payload":{"local_timestamp":1698747478054,"message_id":7,"metric":{"epoch":null,"metricName":"sys.ram.used","metricValue":10429612032,"step":null}},"type":"metric_msg"}
{"payload":{"local_timestamp":1698747478054,"message_id":8,"metric":{"epoch":null,"metricName":"sys.ram.available","metricValue":6611632128,"step":null}},"type":"metric_msg"}
{"payload":{"local_timestamp":1698747478054,"message_id":9,"metric":{"epoch":null,"metricName":"sys.ram.percent.used","metricValue":61.2,"step":null}},"type":"metric_msg"}
{"payload":{"local_timestamp":1698747478054,"message_id":10,"metric":{"epoch":null,"metricName":"sys.load.avg","metricValue":0.0,"step":null}},"type":"metric_msg"}
{"payload":{"local_timestamp":1698747478069,"message_id":11,"param":{"paramName":"img-size","paramValue":32,"source":"cli","step":null}},"type":"parameter_msg"}
{"payload":{"local_timestamp":1698747478069,"message_id":12,"param":{"paramName":"batch","paramValue":128,"source":"cli","step":null}},"type":"parameter_msg"}
{"payload":{"local_timestamp":1698747478069,"message_id":13,"param":{"paramName":"epochs","paramValue":10,"source":"cli","step":null}},"type":"parameter_msg"}
{"payload":{"local_timestamp":1698747478069,"message_id":14,"param":{"paramName":"data","paramValue":"latte.yaml","source":"cli","step":null}},"type":"parameter_msg"}
{"payload":{"local_timestamp":1698747478069,"message_id":15,"param":{"paramName":"weights","paramValue":"yolov5s.pt","source":"cli","step":null}},"type":"parameter_msg"}
{"payload":{"local_timestamp":1698747478069,"log_other":{"key":"offline_experiment","val":true},"message_id":16},"type":"ws_msg"}
{"payload":{"local_timestamp":1698747478069,"log_other":{"key":"Name","val":"exp"},"message_id":17},"type":"ws_msg"}
{"payload":{"local_timestamp":1698747478069,"message_id":18,"metric":{"epoch":null,"metricName":"sys.gpu.0.free_memory","metricValue":4141875200,"step":null}},"type":"metric_msg"}
{"payload":{"local_timestamp":1698747478069,"message_id":19,"metric":{"epoch":null,"metricName":"sys.gpu.0.gpu_utilization","metricValue":0,"step":null}},"type":"metric_msg"}
{"payload":{"local_timestamp":1698747478069,"message_id":20,"metric":{"epoch":null,"metricName":"sys.gpu.0.power_usage","metricValue":1089,"step":null}},"type":"metric_msg"}
{"payload":{"local_timestamp":1698747478069,"message_id":21,"metric":{"epoch":null,"metricName":"sys.gpu.0.temperature","metricValue":46,"step":null}},"type":"metric_msg"}
{"payload":{"local_timestamp":1698747478069,"message_id":22,"metric":{"epoch":null,"metricName":"sys.gpu.0.used_memory","metricValue":153092096,"step":null}},"type":"metric_msg"}
{"payload":{"local_timestamp":1698747478069,"message_id":23,"metric":{"epoch":null,"metricName":"sys.gpu.0.percent.used_memory","metricValue":3.564453125,"step":null}},"type":"metric_msg"}
{"payload":{"local_timestamp":1698747478069,"message_id":24,"metric":{"epoch":null,"metricName":"sys.gpu.0.memory_utilization","metricValue":0,"step":null}},"type":"metric_msg"}
{"payload":{"local_timestamp":1698747478069,"message_id":25,"stderr":true,"stdout":"Traceback (most recent call last):\n"},"type":"ws_msg"}
{"payload":{"local_timestamp":1698747478069,"message_id":26,"stderr":true,"stdout":"  File \"C:\\Users\\sharpaste\\Documents\\program\\testing\\Python\\yolo\\yolov5\\train.py\", line 647, in <module>\n"},"type":"ws_msg"}
{"payload":{"local_timestamp":1698747478069,"message_id":27,"stderr":true,"stdout":"    "},"type":"ws_msg"}
{"payload":{"local_timestamp":1698747478069,"message_id":28,"stderr":true,"stdout":"main(opt)"},"type":"ws_msg"}
{"payload":{"local_timestamp":1698747478069,"message_id":29,"stderr":true,"stdout":"\n"},"type":"ws_msg"}
{"payload":{"local_timestamp":1698747478069,"message_id":30,"stderr":true,"stdout":"  File \"C:\\Users\\sharpaste\\Documents\\program\\testing\\Python\\yolo\\yolov5\\train.py\", line 536, in main\n"},"type":"ws_msg"}
{"payload":{"local_timestamp":1698747478069,"message_id":31,"stderr":true,"stdout":"    "},"type":"ws_msg"}
{"payload":{"local_timestamp":1698747478069,"message_id":32,"stderr":true,"stdout":"train(opt.hyp, opt, device, callbacks)"},"type":"ws_msg"}
{"payload":{"local_timestamp":1698747478069,"message_id":33,"stderr":true,"stdout":"\n"},"type":"ws_msg"}
{"payload":{"local_timestamp":1698747478069,"message_id":34,"stderr":true,"stdout":"  File \"C:\\Users\\sharpaste\\Documents\\program\\testing\\Python\\yolo\\yolov5\\train.py\", line 101, in train\n"},"type":"ws_msg"}
{"payload":{"local_timestamp":1698747478069,"message_id":35,"stderr":true,"stdout":"    "},"type":"ws_msg"}
{"payload":{"local_timestamp":1698747478069,"message_id":36,"stderr":true,"stdout":"loggers = Loggers(save_dir, weights, opt, hyp, LOGGER)  # loggers instance"},"type":"ws_msg"}
{"payload":{"local_timestamp":1698747478069,"message_id":37,"stderr":true,"stdout":"\n"},"type":"ws_msg"}
{"payload":{"local_timestamp":1698747478069,"message_id":38,"stderr":true,"stdout":"  File \"C:\\Users\\sharpaste\\Documents\\program\\testing\\Python\\yolo\\yolov5\\utils\\loggers\\__init__.py\", line 129, in __init__\n"},"type":"ws_msg"}
{"payload":{"local_timestamp":1698747478069,"message_id":39,"stderr":true,"stdout":"    "},"type":"ws_msg"}
{"payload":{"local_timestamp":1698747478069,"message_id":40,"stderr":true,"stdout":"self.comet_logger = CometLogger(self.opt, self.hyp)"},"type":"ws_msg"}
{"payload":{"local_timestamp":1698747478069,"message_id":41,"stderr":true,"stdout":"\n"},"type":"ws_msg"}
{"payload":{"local_timestamp":1698747478069,"message_id":42,"stderr":true,"stdout":"  File \"C:\\Users\\sharpaste\\Documents\\program\\testing\\Python\\yolo\\yolov5\\utils\\loggers\\comet\\__init__.py\", line 98, in __init__\n"},"type":"ws_msg"}
{"payload":{"local_timestamp":1698747478069,"message_id":43,"stderr":true,"stdout":"    "},"type":"ws_msg"}
{"payload":{"local_timestamp":1698747478069,"message_id":44,"stderr":true,"stdout":"self.data_dict = self.check_dataset(self.opt.data)"},"type":"ws_msg"}
{"payload":{"local_timestamp":1698747478069,"message_id":45,"stderr":true,"stdout":"\n"},"type":"ws_msg"}
{"payload":{"local_timestamp":1698747478069,"message_id":46,"stderr":true,"stdout":"  File \"C:\\Users\\sharpaste\\Documents\\program\\testing\\Python\\yolo\\yolov5\\utils\\loggers\\comet\\__init__.py\", line 233, in check_dataset\n"},"type":"ws_msg"}
{"payload":{"local_timestamp":1698747478069,"message_id":47,"stderr":true,"stdout":"    "},"type":"ws_msg"}
{"payload":{"local_timestamp":1698747478069,"message_id":48,"stderr":true,"stdout":"data_config = yaml.safe_load(f)"},"type":"ws_msg"}
{"payload":{"local_timestamp":1698747478069,"message_id":49,"stderr":true,"stdout":"\n"},"type":"ws_msg"}
{"payload":{"local_timestamp":1698747478069,"message_id":50,"stderr":true,"stdout":"  File \"C:\\Python310\\lib\\site-packages\\yaml\\__init__.py\", line 125, in safe_load\n"},"type":"ws_msg"}
{"payload":{"local_timestamp":1698747478069,"message_id":51,"stderr":true,"stdout":"    "},"type":"ws_msg"}
{"payload":{"local_timestamp":1698747478069,"message_id":52,"stderr":true,"stdout":"return load(stream, SafeLoader)"},"type":"ws_msg"}
{"payload":{"local_timestamp":1698747478085,"message_id":53,"stderr":true,"stdout":"\n"},"type":"ws_msg"}
{"payload":{"local_timestamp":1698747478085,"message_id":54,"stderr":true,"stdout":"  File \"C:\\Python310\\lib\\site-packages\\yaml\\__init__.py\", line 79, in load\n"},"type":"ws_msg"}
{"payload":{"local_timestamp":1698747478085,"message_id":55,"stderr":true,"stdout":"    "},"type":"ws_msg"}
{"payload":{"local_timestamp":1698747478085,"message_id":56,"stderr":true,"stdout":"loader = Loader(stream)"},"type":"ws_msg"}
{"payload":{"local_timestamp":1698747478085,"message_id":57,"stderr":true,"stdout":"\n"},"type":"ws_msg"}
{"payload":{"local_timestamp":1698747478085,"message_id":58,"stderr":true,"stdout":"  File \"C:\\Python310\\lib\\site-packages\\yaml\\loader.py\", line 34, in __init__\n"},"type":"ws_msg"}
{"payload":{"local_timestamp":1698747478085,"message_id":59,"stderr":true,"stdout":"    "},"type":"ws_msg"}
{"payload":{"local_timestamp":1698747478085,"message_id":60,"stderr":true,"stdout":"Reader.__init__(self, stream)"},"type":"ws_msg"}
{"payload":{"local_timestamp":1698747478085,"message_id":61,"stderr":true,"stdout":"\n"},"type":"ws_msg"}
{"payload":{"local_timestamp":1698747478085,"message_id":62,"stderr":true,"stdout":"  File \"C:\\Python310\\lib\\site-packages\\yaml\\reader.py\", line 85, in __init__\n"},"type":"ws_msg"}
{"payload":{"local_timestamp":1698747478085,"message_id":63,"stderr":true,"stdout":"    "},"type":"ws_msg"}
{"payload":{"local_timestamp":1698747478085,"message_id":64,"stderr":true,"stdout":"self.determine_encoding()"},"type":"ws_msg"}
{"payload":{"local_timestamp":1698747478085,"message_id":65,"stderr":true,"stdout":"\n"},"type":"ws_msg"}
{"payload":{"local_timestamp":1698747478085,"message_id":66,"stderr":true,"stdout":"  File \"C:\\Python310\\lib\\site-packages\\yaml\\reader.py\", line 124, in determine_encoding\n"},"type":"ws_msg"}
{"payload":{"local_timestamp":1698747478085,"message_id":67,"stderr":true,"stdout":"    "},"type":"ws_msg"}
{"payload":{"local_timestamp":1698747478085,"message_id":68,"stderr":true,"stdout":"self.update_raw()"},"type":"ws_msg"}
{"payload":{"local_timestamp":1698747478085,"message_id":69,"stderr":true,"stdout":"\n"},"type":"ws_msg"}
{"payload":{"local_timestamp":1698747478085,"message_id":70,"stderr":true,"stdout":"  File \"C:\\Python310\\lib\\site-packages\\yaml\\reader.py\", line 178, in update_raw\n"},"type":"ws_msg"}
{"payload":{"local_timestamp":1698747478085,"message_id":71,"stderr":true,"stdout":"    "},"type":"ws_msg"}
{"payload":{"local_timestamp":1698747478085,"message_id":72,"stderr":true,"stdout":"data = self.stream.read(size)"},"type":"ws_msg"}
{"payload":{"local_timestamp":1698747478085,"message_id":73,"stderr":true,"stdout":"\n"},"type":"ws_msg"}
{"payload":{"local_timestamp":1698747478085,"message_id":74,"stderr":true,"stdout":"UnicodeDecodeError"},"type":"ws_msg"}
{"payload":{"local_timestamp":1698747478085,"message_id":75,"stderr":true,"stdout":": "},"type":"ws_msg"}
{"payload":{"local_timestamp":1698747478085,"message_id":76,"stderr":true,"stdout":"'cp950' codec can't decode byte 0x87 in position 31: illegal multibyte sequence"},"type":"ws_msg"}
{"payload":{"local_timestamp":1698747478085,"message_id":77,"stderr":true,"stdout":"\n"},"type":"ws_msg"}
{"payload":{"git_meta":{"branch":"refs/heads/master","origin":"https://github.com/Ricepaste/LatteArtCNN.git","parent":"2392ff4addbe5f751fbcca36c4e40843f3973bd1","repo_name":"LatteArtCNN","root":"6c85255ac4952949b5b86aa64ad943d548220e6e","status":null,"user":"Ricepaste"},"local_timestamp":1698747478118,"message_id":78},"type":"ws_msg"}
{"payload":{"local_timestamp":1698747478118,"message_id":79,"stderr":true,"stdout":"\u001b[1;38;5;39mCOMET INFO:\u001b[0m ---------------------------------------------------------------------------------------\n"},"type":"ws_msg"}
{"payload":{"local_timestamp":1698747478132,"message_id":80,"stderr":true,"stdout":"\u001b[1;38;5;39mCOMET INFO:\u001b[0m Comet.ml OfflineExperiment Summary\n"},"type":"ws_msg"}
{"payload":{"local_timestamp":1698747478132,"message_id":81,"stderr":true,"stdout":"\u001b[1;38;5;39mCOMET INFO:\u001b[0m ---------------------------------------------------------------------------------------\n"},"type":"ws_msg"}
{"payload":{"local_timestamp":1698747478132,"message_id":82,"stderr":true,"stdout":"\u001b[1;38;5;39mCOMET INFO:\u001b[0m   Data:\n"},"type":"ws_msg"}
{"payload":{"local_timestamp":1698747478132,"message_id":83,"stderr":true,"stdout":"\u001b[1;38;5;39mCOMET INFO:\u001b[0m     display_summary_level : 1\n"},"type":"ws_msg"}
{"payload":{"local_timestamp":1698747478132,"message_id":84,"stderr":true,"stdout":"\u001b[1;38;5;39mCOMET INFO:\u001b[0m     url                   : [OfflineExperiment will get URL after upload]\n"},"type":"ws_msg"}
{"payload":{"local_timestamp":1698747478132,"message_id":85,"stderr":true,"stdout":"\u001b[1;38;5;39mCOMET INFO:\u001b[0m   Others:\n"},"type":"ws_msg"}
{"payload":{"local_timestamp":1698747478132,"message_id":86,"stderr":true,"stdout":"\u001b[1;38;5;39mCOMET INFO:\u001b[0m     Name               : exp\n"},"type":"ws_msg"}
{"payload":{"local_timestamp":1698747478132,"message_id":87,"stderr":true,"stdout":"\u001b[1;38;5;39mCOMET INFO:\u001b[0m     offline_experiment : True\n"},"type":"ws_msg"}
{"payload":{"local_timestamp":1698747478132,"message_id":88,"stderr":true,"stdout":"\u001b[1;38;5;39mCOMET INFO:\u001b[0m   Uploads:\n"},"type":"ws_msg"}
{"payload":{"local_timestamp":1698747478132,"message_id":89,"stderr":true,"stdout":"\u001b[1;38;5;39mCOMET INFO:\u001b[0m     environment details : 1\n"},"type":"ws_msg"}
{"payload":{"local_timestamp":1698747478132,"message_id":90,"stderr":true,"stdout":"\u001b[1;38;5;39mCOMET INFO:\u001b[0m     git metadata        : 1\n"},"type":"ws_msg"}
{"payload":{"local_timestamp":1698747478132,"message_id":91,"stderr":true,"stdout":"\u001b[1;38;5;39mCOMET INFO:\u001b[0m     installed packages  : 1\n"},"type":"ws_msg"}
{"payload":{"local_timestamp":1698747478132,"message_id":92,"stderr":true,"stdout":"\u001b[1;38;5;39mCOMET INFO:\u001b[0m \n"},"type":"ws_msg"}
